(40.61641783, -74.079355724)
(40.53802988, -74.218364799)
(40.621415599, -74.080078505)
(40.628902162, -74.077871883)
(40.638150666, -74.075915376)
(40.638150666, -74.075915376)
(40.631795189, -74.158098144)
(40.550945096, -74.176352312)
(40.598909178, -74.132510809)
(40.553084193, -74.184523023)
(40.511586338, -74.249303727)
(40.602470301, -74.092033328)
(40.638984176, -74.171252305)
(40.597935229, -74.064857975)
(40.549991806, -74.136692249)
(40.61641783, -74.079355724)
(40.624236772, -74.080755533)
(40.601700389, -74.19280679)
(40.642221325, -74.112583911)
(40.512089537, -74.247622521)
(40.607548452, -74.10148696)
(40.542998041, -74.163932678)
(40.578175676, -74.169526838)
(40.608231816, -74.113333326)
(40.612618212, -74.128770607)
(40.527595098, -74.191657765)
(40.582301992, -74.168936095)
(40.626245194, -74.175157121)
(40.626910519, -74.149083904)
(40.613881523, -74.066566315)
(40.623226819, -74.149226973)
(40.63972025, -74.088074347)
(40.544909306, -74.161379125)
(40.538002126, -74.148025712)
(40.584256706, -74.168656624)
(40.58692579, -74.164083716)
(40.567035268, -74.11312306)
(40.582301992, -74.168936095)
(40.623226819, -74.149226973)
(40.524745609, -74.20304491)
(40.58692579, -74.164083716)
(40.58692579, -74.164083716)
(40.548171306, -74.141787262)
(40.57156584, -74.108580938)
(40.643965227, -74.099643346)
(40.537323665, -74.148405563)
(40.574305237, -74.119557181)
(40.623226819, -74.149226973)
(40.542591895, -74.218300551)
(40.586049449, -74.168394728)
(40.608890956, -74.153235851)
(40.632165885, -74.165787383)
(40.635736341, -74.082311525)
(40.582608077, -74.162244247)
(40.615530201, -74.084689069)
(40.579137357, -74.168848892)
(40.57697314, -74.169736175)
(40.575803739, -74.169812399)
(40.560677067, -74.169824334)
(40.610566773, -74.177035653)
(40.626179658, -74.134088798)
(40.618913535, -74.15833779)
(40.589647165, -74.157285459)
(40.579137357, -74.168848892)
(40.582608077, -74.162244247)
(40.623226819, -74.149226973)
(40.546621022, -74.158188075)
(40.625563328, -74.075508394)
(40.612762845, -74.064465384)
(40.63075876, -74.104191867)
(40.623226819, -74.149226973)
(40.553665499, -74.186590203)
(40.564683889, -74.10641386)
(40.534396125, -74.153766566)
(40.597751089, -74.082369124)
(40.58692579, -74.164083716)
(40.632398051, -74.097179771)
(40.639599873, -74.075978281)
(40.542079771, -74.163059724)
(40.626858064, -74.163443377)
(40.626858064, -74.163443377)
(40.542591895, -74.218300551)
(40.607603626, -74.121046597)
(40.612618212, -74.128770607)
(40.584327988, -74.087464863)
(40.630273156, -74.133217966)
(40.565003299, -74.102278926)
(40.582301992, -74.168936095)
(40.634862599, -74.090798961)
(40.542591895, -74.218300551)
(40.62676108, -74.078085534)
(40.552272306, -74.190886504)
(40.613724029, -74.084820045)
(40.64173826, -74.075678037)
(40.567035268, -74.11312306)
(40.63878967, -74.088199229)
(40.58692579, -74.164083716)
(40.57697314, -74.169736175)
(40.625856481, -74.155331804)
(40.597138004, -74.067006935)
(40.58692579, -74.164083716)
(40.542591895, -74.218300551)
(40.64173826, -74.075678037)
(40.541687675, -74.146461587)
(40.541687675, -74.146461587)
(40.581537433, -74.1117436)
(40.633486987, -74.104297006)
(40.565395053, -74.111918153)
(40.560979671, -74.195302111)
(40.545032276, -74.165617979)
(40.613847698, -74.080796991)
(40.534396125, -74.153766566)
(40.582301992, -74.168936095)
(40.617587118, -74.083229267)
(40.571087266, -74.11792445)
(40.582301992, -74.168936095)
(40.552562252, -74.163038526)
(40.575803739, -74.169812399)
(40.575803739, -74.169812399)
(40.575803739, -74.169812399)
(40.625204579, -74.11439604)
(40.547664538, -74.143175106)
(40.551654022, -74.148656898)
(40.534341185, -74.236214461)
(40.582301992, -74.168936095)
(40.626245194, -74.175157121)
(40.638984176, -74.171252305)
(40.567035268, -74.11312306)
(40.620012809, -74.155332613)
(40.58692579, -74.164083716)
(40.634044252, -74.123609375)
(40.59576601, -74.093874911)
(40.54800321, -74.226151643)
(40.548165535, -74.218872894)
(40.610264838, -74.160200918)
(40.534396125, -74.153766566)
(40.542591895, -74.218300551)
(40.567035268, -74.11312306)
(40.595365808, -74.086179432)
(40.535629011, -74.222213575)
(40.546820269, -74.159001738)
(40.630900217, -74.139116875)
(40.582301992, -74.168936095)
(40.5809437, -74.100798527)
(40.604190952, -74.092453448)
(40.545532177, -74.155558869)
(40.581682946, -74.089794242)
(40.582301992, -74.168936095)
(40.57697314, -74.169736175)
(40.623226819, -74.149226973)
(40.630539825, -74.106479241)
(40.638871245, -74.092667244)
(40.628615205, -74.080054721)
(40.587603573, -74.168009805)
(40.582608077, -74.162244247)
(40.582301992, -74.168936095)
(40.542591895, -74.218300551)
(40.625018351, -74.14773598)
(40.578175676, -74.169526838)
(40.582564856, -74.098817311)
(40.582301992, -74.168936095)
(40.542591895, -74.218300551)
(40.622934398, -74.078733072)
(40.579137357, -74.168848892)
(40.58404826, -74.158917563)
(40.58692579, -74.164083716)
(40.622663272, -74.145619831)
(40.592572935, -74.159416738)
(40.612421278, -74.071171461)
(40.629271641, -74.079432253)
(40.567035268, -74.11312306)
(40.508761762, -74.222678086)
(40.625987024, -74.156221915)
(40.63412778, -74.122503441)
(40.612079081, -74.089514576)
(40.609145773, -74.101658661)
(40.595365808, -74.086179432)
(40.582301992, -74.168936095)
(40.582608077, -74.162244247)
(40.598572594, -74.081232229)
(40.623226819, -74.149226973)
(40.572465993, -74.169850708)
(40.613037241, -74.145642054)
(40.635827348, -74.085485868)
(40.612079081, -74.089514576)
(40.609279152, -74.099800462)
(40.573758907, -74.114275532)
(40.578175676, -74.169526838)
(40.634948381, -74.086335036)
(40.578175676, -74.169526838)
(40.567035268, -74.11312306)
(40.546685907, -74.139920252)
(40.586126055, -74.154915363)
(40.599819007, -74.178242314)
(40.601700389, -74.19280679)
(40.608734053, -74.088379214)
(40.636369999, -74.11750657)
(40.645448464, -74.080810034)
(40.639306469, -74.13770394)
(40.616308029, -74.139824861)
(40.628997623, -74.146120007)
(40.628718972, -74.080818598)
(40.611310526, -74.069718807)
(40.528311186, -74.209131411)
(40.570475028, -74.109763388)
(40.624828194, -74.152526746)
(40.638984176, -74.171252305)
(40.533907845, -74.18686961)
(40.64173826, -74.075678037)
(40.636525003, -74.116231372)
(40.578175676, -74.169526838)
(40.555573277, -74.174277302)
(40.57156584, -74.108580938)
(40.58692579, -74.164083716)
(40.582608077, -74.162244247)
(40.626179658, -74.134088798)
(40.618674716, -74.086061843)
(40.583523138, -74.107599532)
(40.626179658, -74.134088798)
(40.635748327, -74.121447138)
(40.601700389, -74.19280679)
(40.615969756, -74.067519302)
(40.602052836, -74.06887367)
(40.638984176, -74.171252305)
(40.611488578, -74.130122658)
(40.544909306, -74.161379125)
(40.549020317, -74.153908169)
(40.638654004, -74.086123642)
(40.540196721, -74.14899839)
(40.529048514, -74.18237027)
(40.6457053, -74.078543732)
(40.640493314, -74.111345084)
(40.590647747, -74.07815132)
(40.528097806, -74.197889533)
(40.585605216, -74.158446031)
(40.569860866, -74.117407567)
(40.630686307, -74.085551337)
(40.588130525, -74.166156916)
(40.554310149, -74.1614846)
(40.578175676, -74.169526838)
(40.542079771, -74.163059724)
(40.639697709, -74.077441289)
(40.641455413, -74.109865737)
(40.626179658, -74.134088798)
(40.64173826, -74.075678037)
(40.640908046, -74.09245748)
(40.634701431, -74.16623324)
(40.578235419, -74.158439347)
(40.549765915, -74.209972208)
(40.637978447, -74.132646043)
(40.567035268, -74.11312306)
(40.630152213, -74.080161043)
(40.587603573, -74.168009805)
(40.634293888, -74.135895747)
(40.626858064, -74.163443377)
(40.626142073, -74.157252583)
(40.644739792, -74.088949408)
(40.644739792, -74.088949408)
(40.644739792, -74.088949408)
(40.627060894, -74.077149232)
(40.639145593, -74.136810022)
(40.630152213, -74.080161043)
(40.646448936, -74.078836495)
(40.608211947, -74.085536942)
(40.646125798, -74.089091795)
(40.608832979, -74.1595348)
(40.52760447, -74.17369358)
(40.60024167, -74.098479766)
(40.63865897, -74.090382559)
(40.635379628, -74.124847666)
(40.64173826, -74.075678037)
(40.633763004, -74.154204492)
(40.58692579, -74.164083716)
(40.582608077, -74.162244247)
(40.623226819, -74.149226973)
(40.603162767, -74.071672965)
(40.602677162, -74.071312325)
(40.51728641, -74.234107729)
(40.593713486, -74.166138402)
(40.639351172, -74.086135351)
(40.605896052, -74.091728332)
(40.597115568, -74.062999116)
(40.562672317, -74.130049167)
(40.630273156, -74.133217966)
(40.562583629, -74.103941575)
(40.623226819, -74.149226973)
(40.582608077, -74.162244247)
(40.55960711, -74.171322347)
(40.586049449, -74.168394728)
(40.542591895, -74.218300551)
(40.626179658, -74.134088798)
(40.607809226, -74.091666135)
(40.615969756, -74.067519302)
(40.623226819, -74.149226973)
(40.628162072, -74.076375951)
(40.616953779, -74.082245139)
(40.635736341, -74.082311525)
(40.627421167, -74.076090504)
(40.614624398, -74.084716734)
(40.631628881, -74.076167357)
(40.640739596, -74.090284486)
(40.645103955, -74.078888958)
(40.544683347, -74.178660145)
(40.539647293, -74.179977869)
(40.626179658, -74.134088798)
(40.587603573, -74.168009805)
(40.582608077, -74.162244247)
(40.582301992, -74.168936095)
(40.631946514, -74.0773098)
(40.612618212, -74.128770607)
(40.565183394, -74.115009492)
(40.582301992, -74.168936095)
(40.582301992, -74.168936095)
(40.601138442, -74.134456237)
(40.604583216, -74.167814849)
(40.587197555, -74.162129383)
(40.634349124, -74.087516014)
(40.585998485, -74.151782805)
(40.632640915, -74.085125108)
(40.58692579, -74.164083716)
(40.58692579, -74.164083716)
(40.587603573, -74.168009805)
(40.58692579, -74.164083716)
(40.634956632, -74.096661072)
(40.58692579, -74.164083716)
(40.587910796, -74.103008888)
(40.636949212, -74.093507688)
(40.60825265, -74.156396505)
(40.566527188, -74.104746745)
(40.626142073, -74.157252583)
(40.626245194, -74.175157121)
(40.64173826, -74.075678037)
(40.575803739, -74.169812399)
(40.635996655, -74.122809524)
(40.544501188, -74.208556015)
(40.633681011, -74.129441753)
(40.612642687, -74.167309255)
(40.639759231, -74.140082988)
(40.582608077, -74.162244247)
(40.640754918, -74.076747088)
(40.629401694, -74.11947215)
(40.626179658, -74.134088798)
(40.610157076, -74.162664158)
(40.594322127, -74.100505458)
(40.542079771, -74.163059724)
(40.579870668, -74.109588031)
(40.587197555, -74.162129383)
(40.567035268, -74.11312306)
(40.567035268, -74.11312306)
(40.569563786, -74.128273675)
(40.623226819, -74.149226973)
(40.608890956, -74.153235851)
(40.586049449, -74.168394728)
(40.601700389, -74.19280679)
(40.542591895, -74.218300551)
(40.608178744, -74.162191142)
(40.61641783, -74.079355724)
(40.627984614, -74.112055536)
(40.628902162, -74.077871883)
(40.575803739, -74.169812399)
(40.633469026, -74.082478063)
(40.549921654, -74.199598619)
(40.557431503, -74.157166431)
(40.624427193, -74.139777027)
(40.550101987, -74.145317759)
(40.624427193, -74.139777027)
(40.578175676, -74.169526838)
(40.55536049, -74.14790583)
(40.548171306, -74.141787262)
(40.626858064, -74.163443377)
(40.644726221, -74.081328059)
(40.588130525, -74.166156916)
(40.574118003, -74.106187714)
(40.603230071, -74.141245166)
(40.582301992, -74.168936095)
(40.569593176, -74.110564608)
(40.640754918, -74.076747088)
(40.566868463, -74.106730477)
(40.638654004, -74.086123642)
(40.639806929, -74.114334597)
(40.626858064, -74.163443377)
(40.565183394, -74.115009492)
(40.59821749, -74.082668579)
(40.626142073, -74.157252583)
(40.582608077, -74.162244247)
(40.618067614, -74.132736149)
(40.631977607, -74.075958793)
(40.607603626, -74.121046597)
(40.579137357, -74.168848892)
(40.607603626, -74.121046597)
(40.640621343, -74.087019786)
(40.639351172, -74.086135351)
(40.596062007, -74.062187932)
(40.62100369, -74.098038513)
(40.582608077, -74.162244247)
(40.589191043, -74.076986664)
(40.626245194, -74.175157121)
(40.532050235, -74.194746317)
(40.621795467, -74.082424012)
(40.572925805, -74.107211703)
(40.6190666, -74.090446081)
(40.586049449, -74.168394728)
(40.542591895, -74.218300551)
(40.627723503, -74.17043445)
(40.63075876, -74.104191867)
(40.58692579, -74.164083716)
(40.623226819, -74.149226973)
(40.618602603, -74.1608693)
(40.626179658, -74.134088798)
(40.631851327, -74.115535101)
(40.552335594, -74.164149906)
(40.575026206, -74.130487188)
(40.540923581, -74.191875884)
(40.569647954, -74.110687078)
(40.640754918, -74.076747088)
(40.587595876, -74.095818434)
(40.623863937, -74.159214096)
(40.566138139, -74.103961503)
(40.621351808, -74.163581186)
(40.608003085, -74.160227904)
(40.603230071, -74.141245166)
(40.629690882, -74.107342524)
(40.557165371, -74.15907674)
(40.626160327, -74.077558871)
(40.542591895, -74.218300551)
(40.63522503, -74.106645246)
(40.591366819, -74.089526418)
(40.559298975, -74.132425047)
(40.638768461, -74.115273239)
(40.578175676, -74.169526838)
(40.618587296, -74.127067543)
(40.637662422, -74.146520908)
(40.622934398, -74.078733072)
(40.612421278, -74.071171461)
(40.561070273, -74.159773441)
(40.542591895, -74.218300551)
(40.628309061, -74.132198118)
(40.582301992, -74.168936095)
(40.58692579, -74.164083716)
(40.592572935, -74.159416738)
(40.603484603, -74.168287452)
(40.616953779, -74.082245139)
(40.6301173, -74.135058625)
(40.637768802, -74.076426581)
(40.580062934, -74.103529581)
(40.552700911, -74.151998642)
(40.632559704, -74.075653217)
(40.527743169, -74.16526938)
(40.616200517, -74.104035871)
(40.633966282, -74.12464326)
(40.618674716, -74.086061843)
(40.555857637, -74.147644227)
(40.562671923, -74.109358271)
(40.640675243, -74.167336305)
(40.55393525, -74.144124172)
(40.626672133, -74.075646543)
(40.536631062, -74.151206588)
(40.558479758, -74.1632581)
(40.626142073, -74.157252583)
(40.58692579, -74.164083716)
(40.625204579, -74.11439604)
(40.582301992, -74.168936095)
(40.617778126, -74.076969208)
(40.612023225, -74.066690521)
(40.599247216, -74.096227666)
(40.576548658, -74.084538847)
(40.639674073, -74.11544055)
(40.594683273, -74.101831083)
(40.643289584, -74.096928984)
(40.584256706, -74.168656624)
(40.58692579, -74.164083716)
(40.598909178, -74.132510809)
(40.571575708, -74.090892906)
(40.582608077, -74.162244247)
(40.551554827, -74.211852622)
(40.560979671, -74.195302111)
(40.582301992, -74.168936095)
(40.573834678, -74.094304842)
(40.595365808, -74.086179432)
(40.549646588, -74.222328562)
(40.637804112, -74.076985101)
(40.544909306, -74.161379125)
(40.572036028, -74.124030957)
(40.641499463, -74.075677766)
(40.582301992, -74.168936095)
(40.64173826, -74.075678037)
(40.632877097, -74.143076904)
(40.557947285, -74.15328455)
(40.639649781, -74.117742949)
(40.614366157, -74.167490064)
(40.612463886, -74.092310032)
(40.58692579, -74.164083716)
(40.510104474, -74.247877692)
(40.616348762, -74.123428928)
(40.615969756, -74.067519302)
(40.567035268, -74.11312306)
(40.611330494, -74.15971725)
(40.574870619, -74.169734432)
(40.554623144, -74.198234395)
(40.597156874, -74.087881369)
(40.611357078, -74.132308614)
(40.57156584, -74.108580938)
(40.582301992, -74.168936095)
(40.567944526, -74.112383138)
(40.623140111, -74.082847142)
(40.632575541, -74.131262632)
(40.619033081, -74.142492508)
(40.579637095, -74.159105064)
(40.617805752, -74.118687768)
(40.58692579, -74.164083716)
(40.582301992, -74.168936095)
(40.63767791, -74.163534734)
(40.549202033, -74.153491182)
(40.549331668, -74.153020099)
(40.582301992, -74.168936095)
(40.623226819, -74.149226973)
(40.58692579, -74.164083716)
(40.574755695, -74.124435574)
(40.527595098, -74.191657765)
(40.615737294, -74.066063899)
(40.607195834, -74.162383233)
(40.613744655, -74.086606561)
(40.582301992, -74.168936095)
(40.566416677, -74.108478988)
(40.582301992, -74.168936095)
(40.633074092, -74.13683)
(40.639859436, -74.131943554)
(40.610157076, -74.162664158)
(40.525995513, -74.202473175)
(40.605359239, -74.122825192)
(40.605359239, -74.122825192)
(40.606939407, -74.128608394)
(40.607460303, -74.0771734)
(40.587539137, -74.11012627)
(40.576019037, -74.115863294)
(40.580605602, -74.080547974)
(40.625270607, -74.1500601)
(40.542591895, -74.218300551)
(40.616637391, -74.100441805)
(40.64173826, -74.075678037)
(40.549546039, -74.150735645)
(40.617815517, -74.070002956)
(40.637365831, -74.133102416)
(40.566504888, -74.113762828)
(40.616061918, -74.08933622)
(40.547776948, -74.151821922)
(40.544909306, -74.161379125)
(40.598917113, -74.066180493)
(40.557279842, -74.138517333)
(40.582301992, -74.168936095)
(40.612618212, -74.128770607)
(40.638984176, -74.171252305)
(40.630686307, -74.085551337)
(40.616061918, -74.08933622)
(40.507664989, -74.227683787)
(40.558479758, -74.1632581)
(40.642735357, -74.078666353)
(40.542591895, -74.218300551)
(40.542591895, -74.218300551)
(40.591524976, -74.164858344)
(40.559724177, -74.109169903)
(40.636763538, -74.077430677)
(40.507248825, -74.252128449)
(40.572072361, -74.112746439)
(40.626245194, -74.175157121)
(40.591314693, -74.136866852)
(40.582301992, -74.168936095)
(40.574401071, -74.117120374)
(40.542591895, -74.218300551)
(40.544028527, -74.165025413)
(40.618624197, -74.09446898)
(40.53694151, -74.191479501)
(40.585605216, -74.158446031)
(40.609770401, -74.074561323)
(40.524975227, -74.215606401)
(40.582301992, -74.168936095)
(40.582301992, -74.168936095)
(40.582301992, -74.168936095)
(40.549646588, -74.222328562)
(40.566416677, -74.108478988)
(40.608353499, -74.087103776)
(40.63522503, -74.106645246)
(40.582301992, -74.168936095)
(40.637804112, -74.076985101)
(40.621136245, -74.07509994)
(40.632173334, -74.166331423)
(40.582301992, -74.168936095)
(40.618792931, -74.082049292)
(40.535668787, -74.156489272)
(40.639759231, -74.140082988)
(40.612618456, -74.087703628)
(40.63075876, -74.104191867)
(40.628467619, -74.090314718)
(40.594123211, -74.063950487)
(40.542591895, -74.218300551)
(40.542591895, -74.218300551)
(40.57156584, -74.108580938)
(40.544909306, -74.161379125)
(40.577607125, -74.102647412)
(40.640661237, -74.095545122)
(40.625702276, -74.08105991)
(40.620679531, -74.151415001)
(40.603890399, -74.130630032)
(40.635791738, -74.134245026)
(40.635692049, -74.134994245)
(40.618631616, -74.092091632)
(40.64173826, -74.075678037)
(40.582301992, -74.168936095)
(40.623226819, -74.149226973)
(40.582608077, -74.162244247)
(40.58117216, -74.132594418)
(40.548611273, -74.159981136)
(40.634008694, -74.097827033)
(40.578993879, -74.107952228)
(40.628034374, -74.074383587)
(40.63358627, -74.130695367)
(40.556497859, -74.138278196)
(40.571470888, -74.091544276)
(40.590395725, -74.073225494)
(40.504849807, -74.248368836)
(40.596322964, -74.090757354)
(40.556816174, -74.140607232)
(40.552896893, -74.146935974)
(40.515612762, -74.203506298)
(40.529829951, -74.158928944)
(40.547241692, -74.213886334)
(40.643610835, -74.078825935)
(40.538808224, -74.16478946)
(40.640754918, -74.076747088)
(40.606447994, -74.167088451)
(40.627814081, -74.079542198)
(40.637708378, -74.133578707)
(40.593637079, -74.185574873)
(40.619418105, -74.090226829)
(40.549028046, -74.148028549)
(40.639235511, -74.079018941)
(40.633774074, -74.127215355)
(40.556497859, -74.138278196)
(40.639608717, -74.120290333)
(40.625677344, -74.153829168)
(40.565183394, -74.115009492)
(40.521783144, -74.216984489)
(40.619268376, -74.081210589)
(40.624563288, -74.076919395)
(40.637107508, -74.087685371)
(40.624236772, -74.080755533)
(40.569611937, -74.108156629)
(40.641985291, -74.075678318)
(40.617213108, -74.084215742)
(40.582301992, -74.168936095)
(40.582608077, -74.162244247)
(40.569611937, -74.108156629)
(40.638361072, -74.107987018)
(40.577953265, -74.102316756)
(40.612125557, -74.070004193)
(40.594587916, -74.067296039)
(40.587485125, -74.168297538)
(40.582301992, -74.168936095)
(40.58692579, -74.164083716)
(40.534341185, -74.236214461)
(40.597219652, -74.080884897)
(40.58692579, -74.164083716)
(40.542591895, -74.218300551)
(40.57156584, -74.108580938)
(40.52128747, -74.198139134)
(40.615969756, -74.067519302)
(40.586287002, -74.088479117)
(40.542079771, -74.163059724)
(40.629592948, -74.162689914)
(40.586287002, -74.088479117)
(40.586287002, -74.088479117)
(40.586287002, -74.088479117)
(40.586287002, -74.088479117)
(40.56423129, -74.139474717)
(40.60323838, -74.092610584)
(40.624427193, -74.139777027)
(40.544909306, -74.161379125)
(40.58692579, -74.164083716)
(40.626351001, -74.130692006)
(40.582301992, -74.168936095)
(40.623226819, -74.149226973)
(40.562803412, -74.10063799)
(40.622292973, -74.149700383)
(40.526718894, -74.178410688)
(40.582301992, -74.168936095)
(40.631648938, -74.117527079)
(40.540396305, -74.210813448)
(40.542591895, -74.218300551)
(40.568958156, -74.124899891)
(40.542079771, -74.163059724)
(40.601700389, -74.19280679)
(40.597158964, -74.085105077)
(40.601700389, -74.19280679)
(40.595261469, -74.070087335)
(40.617020524, -74.084824234)
(40.632891042, -74.076831718)
(40.586049449, -74.168394728)
(40.627723503, -74.17043445)
(40.615491223, -74.08165623)
(40.623226819, -74.149226973)
(40.554939302, -74.118165845)
(40.625280011, -74.080443384)
(40.568074962, -74.105073112)
(40.556406425, -74.141236143)
(40.601802856, -74.122001188)
(40.575824225, -74.118487176)
(40.634768068, -74.077442774)
(40.542591895, -74.218300551)
(40.626393106, -74.082267579)
(40.626142073, -74.157252583)
(40.631300724, -74.105839167)
(40.623446241, -74.138384477)
(40.589044441, -74.08987975)
(40.542591895, -74.218300551)
(40.597424138, -74.164455202)
(40.560677067, -74.169824334)
(40.595608605, -74.084490963)
(40.637492364, -74.086914819)
(40.626245194, -74.175157121)
(40.626179658, -74.134088798)
(40.631198703, -74.120267969)
(40.612618212, -74.128770607)
(40.595112629, -74.075401943)
(40.643576591, -74.098338332)
(40.629271641, -74.079432253)
(40.617778126, -74.076969208)
(40.624403032, -74.074354324)
(40.626179658, -74.134088798)
(40.582608077, -74.162244247)
(40.61368494, -74.158159705)
(40.624427193, -74.139777027)
(40.582301992, -74.168936095)
(40.598040138, -74.072999817)
(40.589956063, -74.152108645)
(40.625394316, -74.092677351)
(40.62522276, -74.075832226)
(40.643440396, -74.079207694)
(40.611582002, -74.099839922)
(40.64421516, -74.082073348)
(40.625018351, -74.14773598)
(40.582301992, -74.168936095)
(40.566416677, -74.108478988)
(40.582301992, -74.168936095)
(40.62782706, -74.080612172)
(40.535585428, -74.208877159)
(40.629486071, -74.158640277)
(40.639538201, -74.081851403)
(40.605794982, -74.120877655)
(40.635889281, -74.083378198)
(40.607575562, -74.073006643)
(40.542591895, -74.218300551)
(40.582301992, -74.168936095)
(40.586900534, -74.086586148)
(40.642735357, -74.078666353)
(40.641783726, -74.077472536)
(40.589251811, -74.06765791)
(40.612613627, -74.083122217)
(40.632559704, -74.075653217)
(40.582301992, -74.168936095)
(40.626179658, -74.134088798)
(40.587603573, -74.168009805)
(40.606700863, -74.130815602)
(40.641008033, -74.075850166)
(40.540514357, -74.147462817)
(40.640053899, -74.078374935)
(40.615491223, -74.08165623)
(40.637554586, -74.142784275)
(40.578175676, -74.169526838)
(40.587197555, -74.162129383)
(40.636034314, -74.133355573)
(40.582301992, -74.168936095)
(40.535605093, -74.179391369)
(40.633074092, -74.13683)
(40.618792931, -74.082049292)
(40.6449002, -74.079818414)
(40.582301992, -74.168936095)
(40.574833925, -74.117927466)
(40.579137357, -74.168848892)
(40.630555326, -74.140589663)
(40.625865938, -74.078585227)
(40.627210042, -74.112609024)
(40.539255062, -74.153310034)
(40.63597097, -74.161365149)
(40.566416677, -74.108478988)
(40.624601019, -74.141283188)
(40.646672133, -74.088933967)
(40.613935707, -74.147077534)
(40.632842234, -74.115497185)
(40.612726721, -74.127459783)
(40.542591895, -74.218300551)
(40.611906642, -74.108109901)
(40.514245578, -74.195766191)
(40.582608077, -74.162244247)
(40.586049449, -74.168394728)
(40.531604627, -74.206288997)
(40.625204579, -74.11439604)
(40.574435344, -74.131126776)
(40.574544209, -74.131936918)
(40.635692049, -74.134994245)
(40.582301992, -74.168936095)
(40.626179658, -74.134088798)
(40.640908046, -74.09245748)
(40.542591895, -74.218300551)
(40.586049449, -74.168394728)
(40.586049449, -74.168394728)
(40.567035268, -74.11312306)
(40.636665523, -74.07623796)
(40.631918974, -74.08520705)
(40.606576841, -74.118635392)
(40.578175676, -74.169526838)
(40.596355508, -74.076184732)
(40.626351001, -74.130692006)
(40.543989109, -74.233593208)
(40.586049449, -74.168394728)
(40.633592783, -74.117004483)
(40.56329032, -74.116892148)
(40.632398051, -74.097179771)
(40.571367859, -74.12761483)
(40.636525003, -74.116231372)
(40.550054833, -74.136778738)
(40.613127916, -74.121982266)
(40.619112331, -74.080630463)
(40.542079771, -74.163059724)
(40.578175676, -74.169526838)
(40.565183394, -74.115009492)
(40.567035268, -74.11312306)
(40.582608077, -74.162244247)
(40.582608077, -74.162244247)
(40.570475028, -74.109763388)
(40.636818967, -74.118653127)
(40.6190666, -74.090446081)
(40.540452282, -74.148772296)
(40.572532849, -74.126537183)
(40.592791867, -74.153854228)
(40.572465993, -74.169850708)
(40.626179658, -74.134088798)
(40.61613548, -74.132559414)
(40.583810715, -74.156000848)
(40.624427193, -74.139777027)
(40.583791153, -74.152166609)
(40.584237814, -74.156801092)
(40.618551249, -74.132258037)
(40.591716597, -74.06773602)
(40.637258178, -74.076566517)
(40.585812857, -74.087556815)
(40.501982238, -74.249275111)
(40.584913849, -74.162149042)
(40.555898728, -74.15191595)
(40.582301992, -74.168936095)
(40.569611937, -74.108156629)
(40.609992484, -74.070603422)
(40.633045998, -74.079040435)
(40.636576503, -74.078006945)
(40.552698216, -74.201852384)
(40.632173139, -74.141904487)
(40.632744534, -74.096420081)
(40.58979048, -74.166607509)
(40.569611937, -74.108156629)
(40.613724029, -74.084820045)
(40.569593176, -74.110564608)
(40.542079771, -74.163059724)
(40.615324723, -74.087836852)
(40.582301992, -74.168936095)
(40.565183394, -74.115009492)
(40.626179658, -74.134088798)
(40.560391123, -74.16640463)
(40.645337665, -74.102711974)
(40.589041623, -74.192640624)
(40.509179726, -74.246482545)
(40.579137357, -74.168848892)
(40.584256706, -74.168656624)
(40.567035268, -74.11312306)
(40.542591895, -74.218300551)
(40.542591895, -74.218300551)
(40.624427193, -74.139777027)
(40.527595098, -74.191657765)
(40.569593176, -74.110564608)
(40.638934957, -74.167396797)
(40.53606784, -74.210749427)
(40.579625864, -74.107226059)
(40.550870853, -74.151443923)
(40.615864317, -74.139045918)
(40.638174093, -74.116753092)
(40.624958725, -74.13599922)
(40.638934957, -74.167396797)
(40.521783144, -74.216984489)
(40.557058553, -74.168537581)
(40.62893423, -74.117633979)
(40.647128347, -74.088181423)
(40.637782201, -74.076913014)
(40.613485795, -74.09792302)
(40.625865938, -74.078585227)
(40.560862373, -74.155256264)
(40.627375101, -74.166560836)
(40.613724029, -74.084820045)
(40.589027583, -74.09380063)
(40.631851327, -74.115535101)
(40.615763819, -74.12623373)
(40.644136256, -74.107827003)
(40.598841653, -74.084934375)
(40.633848394, -74.151916858)
(40.517872132, -74.196996071)
(40.644726221, -74.081328059)
(40.535395313, -74.171170342)
(40.586343257, -74.160647578)
(40.591524976, -74.164858344)
(40.607548452, -74.10148696)
(40.528349339, -74.161720446)
(40.61642332, -74.103510335)
(40.57274506, -74.11799217)
(40.589259386, -74.108015629)
(40.545484301, -74.150287513)
(40.589009463, -74.157946442)
(40.567035268, -74.11312306)
(40.566004303, -74.150456052)
(40.635911853, -74.162413478)
(40.613895021, -74.174224263)
(40.597238485, -74.085209605)
(40.61478207, -74.083045677)
(40.569611937, -74.108156629)
(40.501982238, -74.249275111)
(40.612981318, -74.109465901)
(40.618882527, -74.100564052)
(40.626553494, -74.091583805)
(40.632129082, -74.132832571)
(40.581403046, -74.19250699)
(40.635827348, -74.085485868)
(40.554421391, -74.171834446)
(40.582301992, -74.168936095)
(40.601700389, -74.19280679)
(40.58692579, -74.164083716)
(40.612613627, -74.083122217)
(40.556140326, -74.203345446)
(40.623720357, -74.085106525)
(40.633371032, -74.092238072)
(40.617621822, -74.104585591)
(40.582608077, -74.162244247)
(40.582301992, -74.168936095)
(40.582608077, -74.162244247)
(40.567035268, -74.11312306)
(40.645448464, -74.080810034)
(40.625394316, -74.092677351)
(40.514719133, -74.204384712)
(40.602470301, -74.092033328)
(40.604348602, -74.115411879)
(40.617585149, -74.099517516)
(40.564391513, -74.15166173)
(40.606872941, -74.092053803)
(40.64173826, -74.075678037)
(40.604628453, -74.091103565)
(40.612463886, -74.092310032)
(40.617653795, -74.154210501)
(40.58692579, -74.164083716)
(40.619351661, -74.106897247)
(40.582301992, -74.168936095)
(40.575332334, -74.104962139)
(40.626031137, -74.176925368)
(40.604628453, -74.091103565)
(40.58244056, -74.108793024)
(40.618631616, -74.092091632)
(40.560105641, -74.132692965)
(40.582608077, -74.162244247)
(40.582301992, -74.168936095)
(40.590907345, -74.189790755)
(40.589956063, -74.152108645)
(40.529829951, -74.158928944)
(40.623226819, -74.149226973)
(40.63425308, -74.161115997)
(40.628063997, -74.103503172)
(40.626858064, -74.163443377)
(40.578175676, -74.169526838)
(40.559697491, -74.16960591)
(40.594927249, -74.167642949)
(40.623226819, -74.149226973)
(40.643822852, -74.081799005)
(40.624511711, -74.130936969)
(40.624645417, -74.129208087)
(40.626179658, -74.134088798)
(40.628420588, -74.133073768)
(40.529602626, -74.170076327)
(40.55393525, -74.144124172)
(40.58692579, -74.164083716)
(40.631628881, -74.076167357)
(40.577607125, -74.102647412)
(40.549655677, -74.156997011)
(40.638544495, -74.134473958)
(40.579481971, -74.078030257)
(40.637782201, -74.076913014)
(40.582301992, -74.168936095)
(40.626245194, -74.175157121)
(40.555358427, -74.181844709)
(40.58692579, -74.164083716)
(40.636818967, -74.118653127)
(40.534167092, -74.203886571)
(40.542079771, -74.163059724)
(40.6213558, -74.150616845)
(40.545586973, -74.151529097)
(40.636614949, -74.08569225)
(40.582608077, -74.162244247)
(40.633351658, -74.136542342)
(40.628101116, -74.121656582)
(40.6190666, -74.090446081)
(40.640335005, -74.169133466)
(40.582301992, -74.168936095)
(40.623367259, -74.163038573)
(40.586702762, -74.103367059)
(40.630857282, -74.098287165)
(40.634044252, -74.123609375)
(40.582301992, -74.168936095)
(40.626858064, -74.163443377)
(40.572381819, -74.107761562)
(40.606934811, -74.090181147)
(40.604628453, -74.091103565)
(40.629882837, -74.076705764)
(40.628346161, -74.107098988)
(40.606580084, -74.062168919)
(40.582608077, -74.162244247)
(40.626245194, -74.175157121)
(40.628361822, -74.088707822)
(40.609834663, -74.098569551)
(40.584327988, -74.087464863)
(40.601825303, -74.121540282)
(40.60889961, -74.100671465)
(40.613314168, -74.152226703)
(40.628233645, -74.144680905)
(40.590879744, -74.186532163)
(40.582301992, -74.168936095)
(40.569611937, -74.108156629)
(40.551077812, -74.179274581)
(40.63333429, -74.148345258)
(40.554395212, -74.138378203)
(40.644726221, -74.081328059)
(40.627375101, -74.166560836)
(40.58692579, -74.164083716)
(40.574870619, -74.169734432)
(40.594738507, -74.140550258)
(40.610264838, -74.160200918)
(40.501464332, -74.238536244)
(40.617420241, -74.158427899)
(40.608948591, -74.091321952)
(40.595753238, -74.077912441)
(40.542079771, -74.163059724)
(40.634293888, -74.135895747)
(40.586253708, -74.092417814)
(40.582608077, -74.162244247)
(40.542591895, -74.218300551)
(40.62589629, -74.111580109)
(40.632398051, -74.097179771)
(40.595108832, -74.1635385)
(40.614681318, -74.122125578)
(40.600964631, -74.090489979)
(40.582301992, -74.168936095)
(40.582301992, -74.168936095)
(40.631164998, -74.146913753)
(40.636744136, -74.134282972)
(40.567035268, -74.11312306)
(40.633486765, -74.163427185)
(40.609422626, -74.088859132)
(40.631628881, -74.076167357)
(40.633486765, -74.163427185)
(40.596886439, -74.07000622)
(40.577775376, -74.116197528)
(40.606247958, -74.123381442)
(40.51728641, -74.234107729)
(40.626179658, -74.134088798)
(40.542591895, -74.218300551)
(40.61334769, -74.11918409)
(40.513274347, -74.2493316)
(40.603028612, -74.103619212)
(40.630230411, -74.162215913)
(40.633074092, -74.13683)
(40.634044252, -74.123609375)
(40.582608077, -74.162244247)
(40.626179658, -74.134088798)
(40.626074745, -74.136934533)
(40.565183394, -74.115009492)
(40.643606312, -74.077402584)
(40.633486765, -74.163427185)
(40.502348972, -74.240779587)
(40.550761606, -74.193156381)
(40.639145593, -74.136810022)
(40.582301992, -74.168936095)
(40.510235385, -74.243138346)
(40.58692579, -74.164083716)
(40.640739596, -74.090284486)
(40.628404818, -74.114585257)
(40.636816592, -74.080118607)
(40.648335283, -74.085566761)
(40.58692579, -74.164083716)
(40.58692579, -74.164083716)
(40.631628881, -74.076167357)
(40.54374144, -74.154352959)
(40.582002235, -74.110783156)
(40.620113024, -74.150145762)
(40.559298975, -74.132425047)
(40.598203753, -74.089992906)
(40.513701397, -74.244762146)
(40.627261406, -74.080935716)
(40.607466022, -74.123963528)
(40.6130414, -74.123318361)
(40.571810572, -74.119207162)
(40.622934398, -74.078733072)
(40.63412778, -74.122503441)
(40.58692579, -74.164083716)
(40.544909306, -74.161379125)
(40.619594447, -74.078055537)
(40.516579523, -74.196877172)
(40.607548452, -74.10148696)
(40.613724029, -74.084820045)
(40.626179658, -74.134088798)
(40.634247464, -74.120936399)
(40.513646099, -74.205812803)
(40.607998971, -74.084020443)
(40.54384587, -74.152201579)
(40.626179658, -74.134088798)
(40.582608077, -74.162244247)
(40.572465993, -74.169850708)
(40.619920408, -74.152594778)
(40.614851531, -74.064647494)
(40.626142073, -74.157252583)
(40.588130525, -74.166156916)
(40.567035268, -74.11312306)
(40.629882837, -74.076705764)
(40.627772372, -74.076285442)
(40.612618212, -74.128770607)
(40.619776851, -74.084071291)
(40.624427193, -74.139777027)
(40.582301992, -74.168936095)
(40.566416677, -74.108478988)
(40.634701431, -74.16623324)
(40.57156584, -74.108580938)
(40.582608077, -74.162244247)
(40.573765478, -74.115934977)
(40.582608077, -74.162244247)
(40.641558627, -74.081482743)
(40.640754918, -74.076747088)
(40.626142073, -74.157252583)
(40.582608077, -74.162244247)
(40.579936028, -74.112954112)
(40.572465993, -74.169850708)
(40.57156584, -74.108580938)
(40.64371198, -74.093985609)
(40.528432914, -74.181116763)
(40.610899816, -74.138351265)
(40.610899816, -74.138351265)
(40.555208942, -74.146217732)
(40.624121279, -74.161660712)
(40.562803412, -74.10063799)
(40.567818005, -74.115413552)
(40.544334906, -74.190518417)
(40.569593176, -74.110564608)
(40.536048326, -74.149748238)
(40.607131911, -74.066840496)
(40.538099718, -74.179657101)
(40.643932466, -74.07810563)
(40.524005779, -74.186100952)
(40.616239224, -74.087200514)
(40.645448464, -74.080810034)
(40.614851531, -74.064647494)
(40.555322819, -74.140751633)
(40.638915197, -74.081764163)
(40.637258178, -74.076566517)
(40.6256103, -74.075032926)
(40.610530409, -74.090290451)
(40.562196103, -74.101439657)
(40.634720576, -74.122576587)
(40.55259166, -74.180099101)
(40.594822026, -74.065913578)
(40.628997623, -74.146120007)
(40.582301992, -74.168936095)
(40.640053899, -74.078374935)
(40.553592363, -74.166304931)
(40.596805101, -74.165469128)
(40.636818967, -74.118653127)
(40.565826024, -74.130120092)
(40.624096443, -74.134016168)
(40.610560809, -74.070355511)
(40.635584812, -74.150616534)
(40.535216788, -74.215272489)
(40.626179658, -74.134088798)
(40.56290779, -74.182865797)
(40.627144766, -74.156635312)
(40.559697491, -74.16960591)
(40.640053899, -74.078374935)
(40.564714891, -74.127209812)
(40.589453646, -74.078315546)
(40.619961582, -74.079032144)
(40.600685498, -74.177027457)
(40.61368494, -74.158159705)
(40.549971347, -74.150840958)
(40.562010482, -74.103368442)
(40.629121018, -74.114777426)
(40.583341441, -74.09580513)
(40.589041623, -74.192640624)
(40.582135288, -74.083235486)
(40.544909306, -74.161379125)
(40.599444604, -74.12994074)
(40.638984176, -74.171252305)
(40.634525975, -74.082191136)
(40.576226678, -74.169651483)
(40.567035268, -74.11312306)
(40.623226819, -74.149226973)
(40.589779432, -74.094078925)
(40.553147466, -74.18613534)
(40.605259873, -74.13783539)
(40.582301992, -74.168936095)
(40.612618212, -74.128770607)
(40.544028527, -74.165025413)
(40.585529947, -74.087812064)
(40.638125991, -74.087466921)
(40.579137357, -74.168848892)
(40.569593176, -74.110564608)
(40.579137357, -74.168848892)
(40.542591895, -74.218300551)
(40.572465993, -74.169850708)
(40.582301992, -74.168936095)
(40.607603626, -74.121046597)
(40.52922843, -74.20735724)
(40.582301992, -74.168936095)
(40.579137357, -74.168848892)
(40.579137357, -74.168848892)
(40.639759231, -74.140082988)
(40.565183394, -74.115009492)
(40.55393525, -74.144124172)
(40.642043144, -74.075354084)
(40.58692579, -74.164083716)
(40.567035268, -74.11312306)
(40.612775292, -74.158971544)
(40.626179658, -74.134088798)
(40.587603573, -74.168009805)
(40.581537433, -74.1117436)
(40.560042335, -74.186201336)
(40.560042335, -74.186201336)
(40.582301992, -74.168936095)
(40.623226819, -74.149226973)
(40.579637095, -74.159105064)
(40.55245084, -74.185791543)
(40.632434933, -74.077537342)
(40.636550478, -74.123394234)
(40.633774074, -74.127215355)
(40.630101041, -74.109000415)
(40.595365808, -74.086179432)
(40.587603573, -74.168009805)
(40.582301992, -74.168936095)
(40.57156584, -74.108580938)
(40.574870619, -74.169734432)
(40.618707128, -74.093752287)
(40.623848889, -74.081979859)
(40.627329046, -74.07425311)
(40.582301992, -74.168936095)
(40.58979048, -74.166607509)
(40.626858064, -74.163443377)
(40.608386504, -74.090568468)
(40.626142073, -74.157252583)
(40.593166835, -74.162604765)
(40.55393525, -74.144124172)
(40.564258231, -74.142127333)
(40.611330494, -74.15971725)
(40.582301992, -74.168936095)
(40.582301992, -74.168936095)
(40.554601639, -74.177840992)
(40.578893729, -74.162685213)
(40.574870619, -74.169734432)
(40.582608077, -74.162244247)
(40.582301992, -74.168936095)
(40.57697314, -74.169736175)
(40.582301992, -74.168936095)
(40.542591895, -74.218300551)
(40.64021216, -74.075676306)
(40.542591895, -74.218300551)
(40.582301992, -74.168936095)
(40.582608077, -74.162244247)
(40.582608077, -74.162244247)
(40.584256706, -74.168656624)
(40.572769706, -74.090883732)
(40.549331668, -74.153020099)
(40.634126145, -74.116144326)
(40.602587574, -74.069698895)
(40.549395831, -74.152243007)
(40.58692579, -74.164083716)
(40.586049449, -74.168394728)
(40.630319021, -74.107790267)
(40.606745982, -74.116968236)
(40.542591895, -74.218300551)
(40.634360764, -74.141883919)
(40.578175676, -74.169526838)
(40.632559704, -74.075653217)
(40.61642951, -74.074197762)
(40.64173826, -74.075678037)
(40.570388145, -74.127450982)
(40.610344485, -74.136794217)
(40.579137357, -74.168848892)
(40.552272306, -74.190886504)
(40.609667135, -74.068485353)
(40.527595098, -74.191657765)
(40.625113085, -74.148770082)
(40.584327988, -74.087464863)
(40.630884936, -74.149118002)
(40.560402262, -74.120054144)
(40.593169302, -74.087062365)
(40.57156584, -74.108580938)
(40.567035268, -74.11312306)
(40.582301992, -74.168936095)
(40.542591895, -74.218300551)
(40.645014517, -74.07720963)
(40.624861327, -74.160448495)
(40.64035494, -74.120633986)
(40.582301992, -74.168936095)
(40.510482604, -74.214110379)
(40.623226819, -74.149226973)
(40.626179658, -74.134088798)
(40.57156584, -74.108580938)
(40.522815222, -74.209585411)
(40.549646588, -74.222328562)
(40.582608077, -74.162244247)
(40.635770091, -74.149561277)
(40.591459001, -74.071577589)
(40.599805005, -74.081237329)
(40.574870619, -74.169734432)
(40.621415599, -74.080078505)
(40.578175676, -74.169526838)
(40.567035268, -74.11312306)
(40.601700389, -74.19280679)
(40.623226819, -74.149226973)
(40.628249322, -74.107923823)
(40.53433411, -74.193011771)
(40.564258231, -74.142127333)
(40.570796386, -74.109537148)
(40.577212048, -74.163991455)
(40.579137357, -74.168848892)
(40.542591895, -74.218300551)
(40.542591895, -74.218300551)
(40.629229906, -74.080242796)
(40.633655523, -74.146130206)
(40.634360764, -74.141883919)
(40.627535856, -74.167379014)
(40.635772534, -74.15394972)
(40.521611916, -74.213149702)
(40.631628881, -74.076167357)
(40.567035268, -74.11312306)
(40.567035268, -74.11312306)
(40.636818967, -74.118653127)
(40.626142073, -74.157252583)
(40.600390122, -74.09155872)
(40.542676213, -74.208374019)
(40.550800607, -74.158744928)
(40.582301992, -74.168936095)
(40.582301992, -74.168936095)
(40.582301992, -74.168936095)
(40.618475272, -74.118890673)
(40.626488157, -74.153006068)
(40.542591895, -74.218300551)
(40.530334541, -74.220638338)
(40.520256177, -74.218875028)
(40.596800942, -74.079098353)
(40.570814787, -74.135982568)
(40.589000924, -74.096166095)
(40.509241747, -74.235241126)
(40.548921575, -74.193751979)
(40.610286881, -74.165945543)
(40.555645504, -74.162455869)
(40.579137357, -74.168848892)
(40.638063982, -74.166108302)
(40.580881148, -74.15663121)
(40.621361963, -74.08218213)
(40.620106759, -74.08704347)
(40.605194071, -74.125806794)
(40.602797449, -74.128658034)
(40.543989109, -74.233593208)
(40.584256706, -74.168656624)
(40.64265429, -74.084600983)
(40.630884936, -74.149118002)
(40.557494516, -74.181451059)
(40.587485125, -74.168297538)
(40.58441425, -74.15420575)
(40.588671902, -74.161855729)
(40.624631137, -74.082006036)
(40.59517709, -74.15989466)
(40.63001016, -74.11494828)
(40.552480568, -74.218779074)
(40.620694883, -74.132301909)
(40.626179658, -74.134088798)
(40.57156584, -74.108580938)
(40.585843995, -74.168116988)
(40.611887162, -74.122080848)
(40.631628881, -74.076167357)
(40.615262573, -74.106188333)
(40.612463886, -74.092310032)
(40.539444814, -74.21765346)
(40.556270297, -74.176182833)
(40.584256706, -74.168656624)
(40.626858064, -74.163443377)
(40.544909306, -74.161379125)
(40.542591895, -74.218300551)
(40.574870619, -74.169734432)
(40.578175676, -74.169526838)
(40.60888296, -74.144577742)
(40.594669292, -74.08150834)
(40.58692579, -74.164083716)
(40.542591895, -74.218300551)
(40.584256706, -74.168656624)
(40.612775292, -74.158971544)
(40.634360764, -74.141883919)
(40.616933508, -74.120746542)
(40.615125254, -74.114836203)
(40.563436327, -74.110817151)
(40.610678007, -74.140187638)
(40.629159747, -74.160397585)
(40.633237658, -74.125794811)
(40.541538438, -74.195122965)
(40.610786161, -74.139276651)
(40.604922853, -74.144068582)
(40.625204579, -74.11439604)
(40.634733919, -74.109346658)
(40.576511011, -74.103689666)
(40.633720244, -74.076418342)
(40.534709507, -74.206017972)
(40.582608077, -74.162244247)
(40.565183394, -74.115009492)
(40.623848889, -74.081979859)
(40.565497059, -74.129755933)
(40.571087266, -74.11792445)
(40.568568952, -74.119208575)
(40.620985376, -74.109219671)
(40.585082735, -74.104023397)
(40.626179658, -74.134088798)
(40.56268358, -74.114299776)
(40.624116207, -74.163306977)
(40.636369999, -74.11750657)
(40.552675612, -74.175514828)
(40.58692579, -74.164083716)
(40.564326353, -74.183182804)
(40.628171833, -74.116991377)
(40.621601261, -74.124393228)
(40.546633672, -74.216108067)
(40.612506806, -74.166372465)
(40.636666264, -74.148503993)
(40.624342023, -74.09395473)
(40.57156584, -74.108580938)
(40.582608077, -74.162244247)
(40.570796386, -74.109537148)
(40.64173826, -74.075678037)
(40.542591895, -74.218300551)
(40.619648812, -74.090043433)
(40.590980869, -74.072434012)
(40.542591895, -74.218300551)
(40.64173826, -74.075678037)
(40.581465769, -74.100162106)
(40.585160351, -74.106190871)
(40.589152564, -74.088493716)
(40.623848889, -74.081979859)
(40.61642951, -74.074197762)
(40.552928718, -74.154068309)
(40.626179658, -74.134088798)
(40.582608077, -74.162244247)
(40.584256706, -74.168656624)
(40.582608077, -74.162244247)
(40.634711851, -74.106539941)
(40.637582152, -74.135891634)
(40.511461196, -74.238442445)
(40.526110604, -74.208710862)
(40.614263277, -74.08679813)
(40.627535856, -74.167379014)
(40.574870619, -74.169734432)
(40.581537433, -74.1117436)
(40.634733919, -74.109346658)
(40.625533443, -74.135103386)
(40.577940416, -74.16135094)
(40.560329033, -74.163770066)
(40.626785012, -74.079213144)
(40.576112585, -74.104164216)
(40.573867133, -74.091507964)
(40.50089207, -74.237858206)
(40.549395831, -74.152243007)
(40.598717729, -74.064444621)
(40.582608077, -74.162244247)
(40.616953779, -74.082245139)
(40.513701397, -74.244762146)
(40.584327988, -74.087464863)
(40.6173251, -74.077170397)
(40.58692579, -74.164083716)
(40.582608077, -74.162244247)
(40.565497059, -74.129755933)
(40.582608077, -74.162244247)
(40.631628881, -74.076167357)
(40.629786496, -74.110714768)
(40.645448464, -74.080810034)
(40.61642951, -74.074197762)
(40.562348567, -74.154327569)
(40.635943901, -74.075848012)
(40.609564675, -74.129946032)
(40.64021216, -74.075676306)
(40.635827348, -74.085485868)
(40.608613666, -74.167072262)
(40.610995074, -74.136734322)
(40.584256706, -74.168656624)
(40.613963855, -74.112413791)
(40.545772157, -74.187813117)
(40.57156584, -74.108580938)
(40.55922, -74.14978938)
(40.580452432, -74.109729385)
(40.500917922, -74.241252666)
(40.61834655, -74.159463885)
(40.631223162, -74.100510593)
(40.574870619, -74.169734432)
(40.637740285, -74.132094296)
(40.584256706, -74.168656624)
(40.629899618, -74.110106105)
(40.566416677, -74.108478988)
(40.55393525, -74.144124172)
(40.606469506, -74.140780235)
(40.641181225, -74.094061316)
(40.621779237, -74.07815175)
(40.564380934, -74.115979876)
(40.614877572, -74.161112454)
(40.622621209, -74.122878572)
(40.539579688, -74.191235215)
(40.526274404, -74.201527985)
(40.549832464, -74.173391528)
(40.613126512, -74.087351323)
(40.612642687, -74.167309255)
(40.578175676, -74.169526838)
(40.567035268, -74.11312306)
(40.624427193, -74.139777027)
(40.544909306, -74.161379125)
(40.598828687, -74.165006013)
(40.511812076, -74.239979323)
(40.615969756, -74.067519302)
(40.534709507, -74.206017972)
(40.539533625, -74.194149302)
(40.543538794, -74.163916015)
(40.630299493, -74.088904943)
(40.540980636, -74.188918591)
(40.584256706, -74.168656624)
(40.536165356, -74.200751944)
(40.60345999, -74.096813538)
(40.532801438, -74.204717012)
(40.582608077, -74.162244247)
(40.613205778, -74.062618107)
(40.588500098, -74.09439036)
(40.610566773, -74.177035653)
(40.643822852, -74.081799005)
(40.593912718, -74.126008783)
(40.594322127, -74.100505458)
(40.598493848, -74.128437283)
(40.506195693, -74.234895979)
(40.626858064, -74.163443377)
(40.620807678, -74.124705139)
(40.600390122, -74.09155872)
(40.588259055, -74.086793133)
(40.636576503, -74.078006945)
(40.604647177, -74.068022837)
(40.633486765, -74.163427185)
(40.608099404, -74.069240057)
(40.523158008, -74.239232329)
(40.509952748, -74.248229559)
(40.603606624, -74.095427269)
(40.637704209, -74.137120536)
(40.637704209, -74.137120536)
(40.568958156, -74.124899891)
(40.640053899, -74.078374935)
(40.622046148, -74.088587759)
(40.591524976, -74.164858344)
(40.626179658, -74.134088798)
(40.632173139, -74.141904487)
(40.567035268, -74.11312306)
(40.57105155, -74.090766211)
(40.582608077, -74.162244247)
(40.592153588, -74.079686952)
(40.574143272, -74.085802882)
(40.55393525, -74.144124172)
(40.645448464, -74.080810034)
(40.610530409, -74.090290451)
(40.632932775, -74.151050094)
(40.611214126, -74.141705063)
(40.58692579, -74.164083716)
(40.569611937, -74.108156629)
(40.567035268, -74.11312306)
(40.607548452, -74.10148696)
(40.586509553, -74.104551267)
(40.608178744, -74.162191142)
(40.550872084, -74.146258619)
(40.624342023, -74.09395473)
(40.607603626, -74.121046597)
(40.58692579, -74.164083716)
(40.601700389, -74.19280679)
(40.567035268, -74.11312306)
(40.582608077, -74.162244247)
(40.570222168, -74.110115717)
(40.637708378, -74.133578707)
(40.625394316, -74.092677351)
(40.622498758, -74.136530946)
(40.625394316, -74.092677351)
(40.615491223, -74.08165623)
(40.612618456, -74.087703628)
(40.631628881, -74.076167357)
(40.582608077, -74.162244247)
(40.584256706, -74.168656624)
(40.509367603, -74.247188089)
(40.634360764, -74.141883919)
(40.613452924, -74.1010169)
(40.614048564, -74.080087678)
(40.577607125, -74.102647412)
(40.625394316, -74.092677351)
(40.571425148, -74.093804707)
(40.567035268, -74.11312306)
(40.592572935, -74.159416738)
(40.636239572, -74.126603941)
(40.624649955, -74.141665145)
(40.612783613, -74.087087947)
(40.582608077, -74.162244247)
(40.582608077, -74.162244247)
(40.626179658, -74.134088798)
(40.567944526, -74.112383138)
(40.549646588, -74.222328562)
(40.57156584, -74.108580938)
(40.640493314, -74.111345084)
(40.634822537, -74.145754454)
(40.642218658, -74.094178085)
(40.615491223, -74.08165623)
(40.611272817, -74.088602276)
(40.561833973, -74.115759515)
(40.605837144, -74.086275781)
(40.6061399, -74.088793539)
(40.632596966, -74.09564166)
(40.625681851, -74.166362077)
(40.597481657, -74.066053038)
(40.582608077, -74.162244247)
(40.554156213, -74.21518237)
(40.570943766, -74.121300516)
(40.637325503, -74.162355666)
(40.644754824, -74.087241385)
(40.562583629, -74.103941575)
(40.574040966, -74.109308492)
(40.584256706, -74.168656624)
(40.552272306, -74.190886504)
(40.564630121, -74.099013929)
(40.639235511, -74.079018941)
(40.585895052, -74.094667501)
(40.562583629, -74.103941575)
(40.640576782, -74.091386859)
(40.608890956, -74.153235851)
(40.620396907, -74.08443589)
(40.631940116, -74.156491648)
(40.549646588, -74.222328562)
(40.527595098, -74.191657765)
(40.643636371, -74.085348133)
(40.516778216, -74.242237821)
(40.63502238, -74.090056971)
(40.54848732, -74.164180033)
(40.628505863, -74.100459667)
(40.611310526, -74.069718807)
(40.584256706, -74.168656624)
(40.628467619, -74.090314718)
(40.608860483, -74.147149188)
(40.601700389, -74.19280679)
(40.584256706, -74.168656624)
(40.569611937, -74.108156629)
(40.569611937, -74.108156629)
(40.640667104, -74.131332599)
(40.564556337, -74.185256545)
(40.573438959, -74.128716672)
(40.584256706, -74.168656624)
(40.639849422, -74.138133843)
(40.632173139, -74.141904487)
(40.527595098, -74.191657765)
(40.527595098, -74.191657765)
(40.625204579, -74.11439604)
(40.593912718, -74.126008783)
(40.579870668, -74.109588031)
(40.579870668, -74.109588031)
(40.584256706, -74.168656624)
(40.58692579, -74.164083716)
(40.58692579, -74.164083716)
(40.615969756, -74.067519302)
(40.550164291, -74.162327394)
(40.647027717, -74.086963277)
(40.644344907, -74.084833746)
(40.621628175, -74.074156712)
(40.634473601, -74.078584555)
(40.592337774, -74.083158188)
(40.635457619, -74.123795744)
(40.55258641, -74.169109258)
(40.631988828, -74.10065946)
(40.631988828, -74.10065946)
(40.584327988, -74.087464863)
(40.584256706, -74.168656624)
(40.631877085, -74.132378119)
(40.572465993, -74.169850708)
(40.542772559, -74.20517212)
(40.55403267, -74.174780684)
(40.587603573, -74.168009805)
(40.544909306, -74.161379125)
(40.60215016, -74.120618973)
(40.631628881, -74.076167357)
(40.542591895, -74.218300551)
(40.577607125, -74.102647412)
(40.615969756, -74.067519302)
(40.640063641, -74.080169347)
(40.605837144, -74.086275781)
(40.646326475, -74.081265145)
(40.554346907, -74.164593877)
(40.636823962, -74.155858157)
(40.579137357, -74.168848892)
(40.584256706, -74.168656624)
(40.596174923, -74.071006509)
(40.53864747, -74.175111015)
(40.514905543, -74.241267178)
(40.543701826, -74.146886971)
(40.633371032, -74.092238072)
(40.584256706, -74.168656624)
(40.578175676, -74.169526838)
(40.627282208, -74.160468725)
(40.557431503, -74.157166431)
(40.629491271, -74.11229584)
(40.613282479, -74.067729089)
(40.601421404, -74.095859883)
(40.567035268, -74.11312306)
(40.631969306, -74.137984228)
(40.526175022, -74.201851424)
(40.584256706, -74.168656624)
(40.625187252, -74.090746171)
(40.567035268, -74.11312306)
(40.5887259, -74.090062944)
(40.542591895, -74.218300551)
(40.542591895, -74.218300551)
(40.612863021, -74.125821247)
(40.584256706, -74.168656624)
(40.565183394, -74.115009492)
(40.557229551, -74.150141193)
(40.647128347, -74.088181423)
(40.618913535, -74.15833779)
(40.560192806, -74.125973973)
(40.626858064, -74.163443377)
(40.58119493, -74.081689897)
(40.57144083, -74.126160765)
(40.63165017, -74.161718581)
(40.584256706, -74.168656624)
(40.599956638, -74.087791427)
(40.639806929, -74.114334597)
(40.547103192, -74.174003337)
(40.545377592, -74.171588107)
(40.546194981, -74.177379642)
(40.595769494, -74.160234556)
(40.570475028, -74.109763388)
(40.634957984, -74.12886776)
(40.591351392, -74.098326231)
(40.58692579, -74.164083716)
(40.636576503, -74.078006945)
(40.601700389, -74.19280679)
(40.511812076, -74.239979323)
(40.578175676, -74.169526838)
(40.578175676, -74.169526838)
(40.565183394, -74.115009492)
(40.640903512, -74.11566608)
(40.62481252, -74.127039769)
(40.553066804, -74.140570553)
(40.607603626, -74.121046597)
(40.5887259, -74.090062944)
(40.549395831, -74.152243007)
(40.58692579, -74.164083716)
(40.582608077, -74.162244247)
(40.58692579, -74.164083716)
(40.591054737, -74.084820054)
(40.584256706, -74.168656624)
(40.598676475, -74.119438777)
(40.569593176, -74.110564608)
(40.588499171, -74.18871818)
(40.58692579, -74.164083716)
(40.615969756, -74.067519302)
(40.621136245, -74.07509994)
(40.584256706, -74.168656624)
(40.579137357, -74.168848892)
(40.633966282, -74.12464326)
(40.637251553, -74.12736971)
(40.540507826, -74.177310579)
(40.550820934, -74.163815131)
(40.639668491, -74.09777768)
(40.548056659, -74.176931205)
(40.605124691, -74.091820907)
(40.64212733, -74.07671984)
(40.625468768, -74.15174288)
(40.606447994, -74.167088451)
(40.535508331, -74.194968651)
(40.576226678, -74.169651483)
(40.645296819, -74.08554845)
(40.545355651, -74.158195874)
(40.597385149, -74.090823614)
(40.544909306, -74.161379125)
(40.636698027, -74.147282634)
(40.607548452, -74.10148696)
(40.572465993, -74.169850708)
(40.571100561, -74.094657331)
(40.55633935, -74.174099366)
(40.557279842, -74.138517333)
(40.611544058, -74.073756529)
(40.607548452, -74.10148696)
(40.565183394, -74.115009492)
(40.612858503, -74.132289979)
(40.584256706, -74.168656624)
(40.569593176, -74.110564608)
(40.615969756, -74.067519302)
(40.542549283, -74.14880215)
(40.536856621, -74.210194278)
(40.600070787, -74.119484484)
(40.620033796, -74.092601468)
(40.572465993, -74.169850708)
(40.584256706, -74.168656624)
(40.584256706, -74.168656624)
(40.604389681, -74.161119556)
(40.593986849, -74.14243906)
(40.542549283, -74.14880215)
(40.538189764, -74.193497807)
(40.576899868, -74.110547905)
(40.601061112, -74.164377734)
(40.505369269, -74.238996075)
(40.574629459, -74.095771036)
(40.607548452, -74.10148696)
(40.565395053, -74.111918153)
(40.626179658, -74.134088798)
(40.595017246, -74.086142974)
(40.57336276, -74.11517116)
(40.60990781, -74.086100962)
(40.629574955, -74.161825234)
(40.578106112, -74.150497713)
(40.584256706, -74.168656624)
(40.536179769, -74.203478986)
(40.601159332, -74.181202413)
(40.625468768, -74.15174288)
(40.627814081, -74.079542198)
(40.536829079, -74.166781279)
(40.574870619, -74.169734432)
(40.513731609, -74.242165642)
(40.599617626, -74.132260144)
(40.615491223, -74.08165623)
(40.515202942, -74.202429699)
(40.569593176, -74.110564608)
(40.607548452, -74.10148696)
(40.584256706, -74.168656624)
(40.588263971, -74.163057282)
(40.552673765, -74.21531434)
(40.642735357, -74.078666353)
(40.645296819, -74.08554845)
(40.618663545, -74.16626534)
(40.613030331, -74.071640339)
(40.544808985, -74.220117632)
(40.545263588, -74.210422216)
(40.58979048, -74.166607509)
(40.574140128, -74.106007765)
(40.621351808, -74.163581186)
(40.584256706, -74.168656624)
(40.619366369, -74.089697251)
(40.580197415, -74.106546578)
(40.611313878, -74.15783714)
(40.578175676, -74.169526838)
(40.626179658, -74.134088798)
(40.518844502, -74.201336543)
(40.574870619, -74.169734432)
(40.584256706, -74.168656624)
(40.601700389, -74.19280679)
(40.580602597, -74.169180197)
(40.638277737, -74.07879081)
(40.638984176, -74.171252305)
(40.542591895, -74.218300551)
(40.584256706, -74.168656624)
(40.598974985, -74.166338747)
(40.607548452, -74.10148696)
(40.542591895, -74.218300551)
(40.567035268, -74.11312306)
(40.565183394, -74.115009492)
(40.612065193, -74.074340581)
(40.57548451, -74.117863819)
(40.596461723, -74.163747062)
(40.644754824, -74.087241385)
(40.63750259, -74.084237746)
(40.615526415, -74.0860902)
(40.546608936, -74.22887435)
(40.60215016, -74.120618973)
(40.54205662, -74.173245423)
(40.571700204, -74.127413891)
(40.63799816, -74.085910212)
(40.607087307, -74.163427387)
(40.598710875, -74.097537651)
(40.603459085, -74.135696136)
(40.631381709, -74.126223642)
(40.531139114, -74.157018268)
(40.538103109, -74.221689339)
(40.608784055, -74.091130846)
(40.630884936, -74.149118002)
(40.640053847, -74.086121846)
(40.630675013, -74.148015103)
(40.542591895, -74.218300551)
(40.548957538, -74.174760212)
(40.615491223, -74.08165623)
(40.639697709, -74.077441289)
(40.621890975, -74.109412071)
(40.591101618, -74.088175847)
(40.517801946, -74.197905811)
(40.567035268, -74.11312306)
(40.63634376, -74.171202292)
(40.557634012, -74.198347693)
(40.574833925, -74.117927466)
(40.636980543, -74.08116729)
(40.624427193, -74.139777027)
(40.579137357, -74.168848892)
(40.591524976, -74.164858344)
(40.588500098, -74.09439036)
(40.512747709, -74.25042293)
(40.590350335, -74.06662567)
(40.573438959, -74.128716672)
(40.638654004, -74.086123642)
(40.538428161, -74.221085996)
(40.508761762, -74.222678086)
(40.589956063, -74.152108645)
(40.555994032, -74.154546806)
(40.582608077, -74.162244247)
(40.58692579, -74.164083716)
(40.584256706, -74.168656624)
(40.586723194, -74.163719583)
(40.602409922, -74.121562953)
(40.553096723, -74.213707158)
(40.642221325, -74.112583911)
(40.624649955, -74.141665145)
(40.624236772, -74.080755533)
(40.58692579, -74.164083716)
(40.591524976, -74.164858344)
(40.626468619, -74.110114855)
(40.635639313, -74.115361511)
(40.573608288, -74.102259706)
(40.608391809, -74.14661153)
(40.625717173, -74.12805738)
(40.567035268, -74.11312306)
(40.565183394, -74.115009492)
(40.521783144, -74.216984489)
(40.608890956, -74.153235851)
(40.578175676, -74.169526838)
(40.610255679, -74.146493169)
(40.631628881, -74.076167357)
(40.548153823, -74.163218477)
(40.626858064, -74.163443377)
(40.626179658, -74.134088798)
(40.642039092, -74.113679013)
(40.567035268, -74.11312306)
(40.527743169, -74.16526938)
(40.558775546, -74.169394838)
(40.584796559, -74.088498744)
(40.625479333, -74.143514952)
(40.631628881, -74.076167357)
(40.578175676, -74.169526838)
(40.584256706, -74.168656624)
(40.577607125, -74.102647412)
(40.6130414, -74.123318361)
(40.565183394, -74.115009492)
(40.547987597, -74.185897875)
(40.647476785, -74.08472962)
(40.606576841, -74.118635392)
(40.57648495, -74.108138961)
(40.578175676, -74.169526838)
(40.540221708, -74.193035971)
(40.621351808, -74.163581186)
(40.542079771, -74.163059724)
(40.629121018, -74.114777426)
(40.587083785, -74.103925704)
(40.64173826, -74.075678037)
(40.584256706, -74.168656624)
(40.548005918, -74.216195265)
(40.616409029, -74.094613524)
(40.605129892, -74.126761026)
(40.574261666, -74.105172836)
(40.517224862, -74.195091561)
(40.584256706, -74.168656624)
(40.567035268, -74.11312306)
(40.610566773, -74.177035653)
(40.626342888, -74.075448035)
(40.613895021, -74.174224263)
(40.506215904, -74.238405759)
(40.608890956, -74.153235851)
(40.542591895, -74.218300551)
(40.626179658, -74.134088798)
(40.632968243, -74.08417798)
(40.628997859, -74.124965421)
(40.537768402, -74.162538331)
(40.58692579, -74.164083716)
(40.58692579, -74.164083716)
(40.640754918, -74.076747088)
(40.526175022, -74.201851424)
(40.625113085, -74.148770082)
(40.645308658, -74.084384535)
(40.615214578, -74.084649048)
(40.542591895, -74.218300551)
(40.632559704, -74.075653217)
(40.612463886, -74.092310032)
(40.539068309, -74.185049174)
(40.584256706, -74.168656624)
(40.635946468, -74.17072928)
(40.637554586, -74.142784275)
(40.637582152, -74.135891634)
(40.607548452, -74.10148696)
(40.625468768, -74.15174288)
(40.616200517, -74.104035871)
(40.613895021, -74.174224263)
(40.633637637, -74.128958884)
(40.577183815, -74.0937264)
(40.608003085, -74.160227904)
(40.554109926, -74.217895557)
(40.6130414, -74.123318361)
(40.636331895, -74.082402334)
(40.569593176, -74.110564608)
(40.626179658, -74.134088798)
(40.579137357, -74.168848892)
(40.502342893, -74.247507319)
(40.606945436, -74.164748765)
(40.606945436, -74.164748765)
(40.565183394, -74.115009492)
(40.628339842, -74.151727793)
(40.58692579, -74.164083716)
(40.58692579, -74.164083716)
(40.626384248, -74.132817534)
(40.633616842, -74.093748014)
(40.640301121, -74.082036104)
(40.577977931, -74.127094679)
(40.565955855, -74.138794466)
(40.533359784, -74.189666908)
(40.633351658, -74.136542342)
(40.578235419, -74.158439347)
(40.627266117, -74.166002172)
(40.584256706, -74.168656624)
(40.626179658, -74.134088798)
(40.614624398, -74.084716734)
(40.516778216, -74.242237821)
(40.506568635, -74.254377001)
(40.503770236, -74.252532455)
(40.624427193, -74.139777027)
(40.622663272, -74.145619831)
(40.639806929, -74.114334597)
(40.60902357, -74.09365225)
(40.568595243, -74.125449915)
(40.509815562, -74.244366722)
(40.634647488, -74.140854092)
(40.6130414, -74.123318361)
(40.619866574, -74.085231288)
(40.614791989, -74.165326418)
(40.55419046, -74.156741371)
(40.636273714, -74.125505086)
(40.603230071, -74.141245166)
(40.607494729, -74.15257718)
(40.640754918, -74.076747088)
(40.636454484, -74.087374654)
(40.545480709, -74.148830267)
(40.555408296, -74.19655975)
(40.626393106, -74.082267579)
(40.609882762, -74.148339966)
(40.58692579, -74.164083716)
(40.58692579, -74.164083716)
(40.542591895, -74.218300551)
(40.61642951, -74.074197762)
(40.643143526, -74.112632312)
(40.573254658, -74.118900172)
(40.634044252, -74.123609375)
(40.626245194, -74.175157121)
(40.575993407, -74.119448611)
(40.544909306, -74.161379125)
(40.58692579, -74.164083716)
(40.615268406, -74.069906636)
(40.622046148, -74.088587759)
(40.590980869, -74.072434012)
(40.605610703, -74.06302874)
(40.592621201, -74.189125903)
(40.544909306, -74.161379125)
(40.563083899, -74.15656069)
(40.586218284, -74.104903642)
(40.58692579, -74.164083716)
(40.58692579, -74.164083716)
(40.579137357, -74.168848892)
(40.583382996, -74.157666724)
(40.584256706, -74.168656624)
(40.542591895, -74.218300551)
(40.52640725, -74.17935949)
(40.618738469, -74.088849921)
(40.607087307, -74.163427387)
(40.626312381, -74.144608293)
(40.606576841, -74.118635392)
(40.622663272, -74.145619831)
(40.582608077, -74.162244247)
(40.565183394, -74.115009492)
(40.608069997, -74.144975746)
(40.561086037, -74.169828973)
(40.628467619, -74.090314718)
(40.636114187, -74.137780222)
(40.610566773, -74.177035653)
(40.555893709, -74.201552551)
(40.561522218, -74.171838314)
(40.635199176, -74.133977216)
(40.633925416, -74.09567599)
(40.629882837, -74.076705764)
(40.542235323, -74.218166262)
(40.630882285, -74.159281278)
(40.646678587, -74.084000685)
(40.635781417, -74.131297762)
(40.575032331, -74.096505953)
(40.527595098, -74.191657765)
(40.50876769, -74.247901505)
(40.552092529, -74.161349695)
(40.624778669, -74.079066668)
(40.540567323, -74.21771828)
(40.593912718, -74.126008783)
(40.604647177, -74.068022837)
(40.584256706, -74.168656624)
(40.632173139, -74.141904487)
(40.588691688, -74.159483082)
(40.621415599, -74.080078505)
(40.584256706, -74.168656624)
(40.626179658, -74.134088798)
(40.57156584, -74.108580938)
(40.637708378, -74.133578707)
(40.626179658, -74.134088798)
(40.569611937, -74.108156629)
(40.616953779, -74.082245139)
(40.579936028, -74.112954112)
(40.583341441, -74.09580513)
(40.575506311, -74.083612397)
(40.589027583, -74.09380063)
(40.582608077, -74.162244247)
(40.565183394, -74.115009492)
(40.579137357, -74.168848892)
(40.52491179, -74.200635415)
(40.619056739, -74.085395949)
(40.536165356, -74.200751944)
(40.554117919, -74.193511549)
(40.614095867, -74.066134311)
(40.57502151, -74.117009871)
(40.582608077, -74.162244247)
(40.53809404, -74.196526814)
(40.626179658, -74.134088798)
(40.621524465, -74.140988499)
(40.509815562, -74.244366722)
(40.65605864, -73.897108618)
(40.610255679, -74.146493169)
(40.584256706, -74.168656624)
(40.64102756, -74.079449851)
(40.502886221, -74.251364065)
(40.620905102, -74.166915714)
(40.555208942, -74.146217732)
(40.584256706, -74.168656624)
(40.573068733, -74.094480141)
(40.58692579, -74.164083716)
(40.552257783, -74.197845937)
(40.63304566, -74.137654993)
(40.631789952, -74.124376192)
(40.634146483, -74.117736842)
(40.578175676, -74.169526838)
(40.553974335, -74.13914023)
(40.613323605, -74.142732446)
(40.580475543, -74.09941542)
(40.535605093, -74.179391369)
(40.569611937, -74.108156629)
(40.596229198, -74.072004002)
(40.635484255, -74.116697944)
(40.615725402, -74.115795342)
(40.521204044, -74.214029622)
(40.639777922, -74.121216662)
(40.626142073, -74.157252583)
(40.584256706, -74.168656624)
(40.567035268, -74.11312306)
(40.631628881, -74.076167357)
(40.630266246, -74.139054308)
(40.627038794, -74.138701743)
(40.591716597, -74.06773602)
(40.619734486, -74.147839553)
(40.62738448, -74.141087339)
(40.618230279, -74.145736233)
(40.605610703, -74.06302874)
(40.616367971, -74.151023416)
(40.617653795, -74.154210501)
(40.582608077, -74.162244247)
(40.584256706, -74.168656624)
(40.626179658, -74.134088798)
(40.594500943, -74.086516786)
(40.579137357, -74.168848892)
(40.569593176, -74.110564608)
(40.626179658, -74.134088798)
(40.648335283, -74.085566761)
(40.619037721, -74.0687255)
(40.624601019, -74.141283188)
(40.60215016, -74.120618973)
(40.634948381, -74.086335036)
(40.595365808, -74.086179432)
(40.607592577, -74.067626076)
(40.594113029, -74.186591605)
(40.624427193, -74.139777027)
(40.561998129, -74.178346548)
(40.648335283, -74.085566761)
(40.565106418, -74.10951702)
(40.601700389, -74.19280679)
(40.644819236, -74.095969078)
(40.644434635, -74.082224962)
(40.575022197, -74.138597324)
(40.588130525, -74.166156916)
(40.612863021, -74.125821247)
(40.618027926, -74.098513212)
(40.617614113, -74.120845027)
(40.628887068, -74.120764566)
(40.620749748, -74.082357882)
(40.515315785, -74.194312742)
(40.565183394, -74.115009492)
(40.629289854, -74.113361881)
(40.57156584, -74.108580938)
(40.578175676, -74.169526838)
(40.582608077, -74.162244247)
(40.63522503, -74.106645246)
(40.585248308, -74.093410094)
(40.564894408, -74.128682212)
(40.632891042, -74.076831718)
(40.560042335, -74.186201336)
(40.588313404, -74.19638297)
(40.593912718, -74.126008783)
(40.567035268, -74.11312306)
(40.58692579, -74.164083716)
(40.52640725, -74.17935949)
(40.567035268, -74.11312306)
(40.626055319, -74.117265056)
(40.626245194, -74.175157121)
(40.551468549, -74.145597811)
(40.638554506, -74.132946249)
(40.567035268, -74.11312306)
(40.584256706, -74.168656624)
(40.544909306, -74.161379125)
(40.587910796, -74.103008888)
(40.54800321, -74.226151643)
(40.620033796, -74.092601468)
(40.584256706, -74.168656624)
(40.567944526, -74.112383138)
(40.634044252, -74.123609375)
(40.569593176, -74.110564608)
(40.582608077, -74.162244247)
(40.600685498, -74.177027457)
(40.544909306, -74.161379125)
(40.558379879, -74.197173094)
(40.604881034, -74.120811175)
(40.560329033, -74.163770066)
(40.582608077, -74.162244247)
(40.565183394, -74.115009492)
(40.624427193, -74.139777027)
(40.625256267, -74.158695067)
(40.558827975, -74.110625966)
(40.571425148, -74.093804707)
(40.629127462, -74.147615382)
(40.615969756, -74.067519302)
(40.567035268, -74.11312306)
(40.61642951, -74.074197762)
(40.64173826, -74.075678037)
(40.526175022, -74.201851424)
(40.558775546, -74.169394838)
(40.559960993, -74.108364137)
(40.629554431, -74.132863472)
(40.584256706, -74.168656624)
(40.582608077, -74.162244247)
(40.607603626, -74.121046597)
(40.614398938, -74.13413717)
(40.613394734, -74.128999017)
(40.626858262, -74.13115412)
(40.643827401, -74.083110655)
(40.625611833, -74.128986606)
(40.616128345, -74.133978559)
(40.615493765, -74.134434725)
(40.608890956, -74.153235851)
(40.589785246, -74.152590724)
(40.565183394, -74.115009492)
(40.614624398, -74.084716734)
(40.639697709, -74.077441289)
(40.577607125, -74.102647412)
(40.625256267, -74.158695067)
(40.526747317, -74.230288352)
(40.567035268, -74.11312306)
(40.566416677, -74.108478988)
(40.523134552, -74.188468896)
(40.559697491, -74.16960591)
(40.584000195, -74.159929104)
(40.616200517, -74.104035871)
(40.632331878, -74.094239791)
(40.593882289, -74.101268149)
(40.613617377, -74.115816898)
(40.595581391, -74.062695199)
(40.638968657, -74.097675766)
(40.628949423, -74.116189357)
(40.565183394, -74.115009492)
(40.634746347, -74.110701379)
(40.575748272, -74.117608702)
(40.618473488, -74.087199831)
(40.633486765, -74.163427185)
(40.633486765, -74.163427185)
(40.612618212, -74.128770607)
(40.627957301, -74.127719434)
(40.592975123, -74.08971941)
(40.626245194, -74.175157121)
(40.569593176, -74.110564608)
(40.624236772, -74.080755533)
(40.626338321, -74.143621271)
(40.625256267, -74.158695067)
(40.624122151, -74.083669699)
(40.570730627, -74.109414658)
(40.572875513, -74.0924389)
(40.626351001, -74.130692006)
(40.565395053, -74.111918153)
(40.552655931, -74.191276239)
(40.591588735, -74.164419228)
(40.634006423, -74.097268583)
(40.57156584, -74.108580938)
(40.630539825, -74.106479241)
(40.569079238, -74.11124764)
(40.5442923, -74.197858334)
(40.584256706, -74.168656624)
(40.544909306, -74.161379125)
(40.63075876, -74.104191867)
(40.582608077, -74.162244247)
(40.634044252, -74.123609375)
(40.637768802, -74.076426581)
